<?xml version="1.0" encoding="UTF-8"?>
<preferences>
 <debug showDebugMenu="0" />
 <systemtable filter="All Interfaces">
  <columns>
   <connections preferredWidth="239" />
   <irq preferredWidth="47" />
  </columns>
 </systemtable>
 <library
   expandedCategories="Library/Processors and Peripherals,Library/Interface Protocols/PCI Express,Library/Interface Protocols/PCI Express/QSYS Example Designs,Library/Processors and Peripherals/Peripherals,Project,Library,Library/Interface Protocols" />
 <window width="1936" height="1056" x="-8" y="-8" />
</preferences>
